Model,Accuracy,Precision,Recall,Specificity,F1-Score
ADA,1.0,1.0,1.0,1.0,1.0
GNB,0.6500671742051053,0.6500671742051053,1.0,0.0,0.7879281333116214
XGB,1.0,1.0,1.0,1.0,1.0
LOG,0.6638490819525302,0.6924671544871707,0.868696610636539,0.28330560532377785,0.7706351934609068
ENSPxa,1.0,1.0,1.0,1.0,1.0
