Model,Accuracy,Precision,Recall,Specificity,F1-Score
ADA,1.0,1.0,1.0,1.0,1.0
GNB,0.6513628606528215,0.6513628606528215,1.0,0.0,0.7888783751643427
XGB,1.0,1.0,1.0,1.0,1.0
LOG,0.6658187862173132,0.6941824544629519,0.8703984319512715,0.28359833125446826,0.7723657650317098
Ensemble_Avg,1.0,1.0,1.0,1.0,1.0
